{"loss": [1.394492745399475, 0.45596274733543396, 0.2750294804573059, 0.1912856251001358, 0.1465258002281189, 0.1098451241850853, 0.09065848588943481, 0.0715605840086937, 0.0630209743976593, 0.05978824198246002], "accuracy": [0.5889039039611816, 0.8555516004562378, 0.9112454652786255, 0.9383739829063416, 0.951646625995636, 0.9642506837844849, 0.9707518219947815, 0.9764279127120972, 0.979173481464386, 0.9803400039672852], "val_loss": [0.5324671864509583, 0.33479171991348267, 0.217283234000206, 0.23665101826190948, 0.18724294006824493, 0.178446963429451, 0.10523825883865356, 0.12634049355983734, 0.14581196010112762, 0.11662670969963074], "val_accuracy": [0.8362736105918884, 0.8930684924125671, 0.9305144548416138, 0.9236285090446472, 0.9388231039047241, 0.9451969265937805, 0.9652856588363647, 0.9601069688796997, 0.9556680917739868, 0.9639768004417419]}